SqFt,Bedrooms,Bathrooms,Age,LocationScore,Price
3774,2,1,26,6.868837556934856,639988.8947759848
1460,2,1,21,8.028274207474814,395923.04678285326
1894,1,4,36,8.12317186800567,512786.4835880388
1730,5,2,26,6.422228476331096,601236.6039101012
1695,3,4,28,5.6047472426711265,491418.44182520005
3692,5,2,2,1.549064287048554,656073.3948549501
2238,3,1,12,3.5904816896644527,460125.2671630675
2769,4,3,9,1.839443021003529,564737.0504616646
1066,5,2,35,9.674408447906263,556071.8975848138
1838,4,1,8,2.2157213160318463,472936.349294384
930,2,4,26,2.3659786886599186,269359.5011283645
2082,2,2,33,9.006189564974429,501495.39769183943
2735,1,3,0,9.49535455128812,619276.2820248045
3771,5,4,31,7.8924613531141885,873153.0931590184
3519,4,4,24,1.0486443130540288,607064.6515656122
730,3,1,28,1.0121164386090733,241975.75114653498
2285,2,2,6,4.402906928087057,497883.90057016455
3980,2,4,2,2.290558330098033,661040.0251552173
1369,3,3,19,1.1654752793643754,364775.5375093372
2991,4,2,19,5.176600204640542,660754.0976372382
2115,4,3,29,9.487557076662744,621571.2886099525
3453,5,4,34,3.9143761741218825,687957.5260373777
3033,5,3,34,6.950266105858269,717614.8461304446
1815,1,1,38,6.870118178191967,353362.33689065697
1555,2,3,26,3.25972093298651,398928.8577729113
2924,5,2,25,6.853827239414779,710494.8163887275
1784,4,3,13,2.9110057685820214,527681.7853149534
1059,3,3,16,2.0980667221920015,392541.73851096095
3985,4,1,17,7.312449570037211,728986.8773766247
621,2,3,28,2.0209673539352506,244510.23221679867
2900,4,3,19,9.972182967304198,782222.6000108409
1347,1,4,26,2.651071610352064,279009.23270572105
3504,2,4,17,6.347276764808118,675855.4968912773
1074,3,2,3,4.702371142713305,382729.27384146577
1682,1,4,0,2.137477801651004,409702.4701147004
3158,2,4,0,1.2505951681967207,552285.0864971228
2647,3,4,25,6.6045905406355,622823.546627702
3347,1,4,19,8.260818074102135,684815.8947573097
1575,1,1,22,8.578140953560697,339797.27821212023
2406,2,4,9,5.34442125769241,554376.5817400089
789,5,1,10,7.99709920464147,496442.2768911485
3605,1,1,4,7.055624201396903,582465.3008427771
3334,1,4,0,7.518290747492199,703211.7611385983
3605,3,3,16,5.433391046996327,657891.0529757193
1162,4,1,21,6.700705662179144,409852.6852464935
2499,2,3,33,8.249733222184513,524793.1531452237
1867,2,3,28,4.580957580013207,414611.68297045614
3479,5,4,3,8.253810107808253,871602.3450988637
2128,5,2,4,6.3281515851015655,641415.7210307717
3802,2,4,10,2.493109219337076,679524.1418601876
1246,5,2,20,1.2221574150212615,474636.32928156864
2668,3,2,34,4.264782403592369,543434.837064496
3488,2,4,11,5.920266954667059,737314.9489378853
2814,5,4,25,8.558383169831394,802672.0770733736
1897,2,2,18,2.147371121262216,394099.2581488596
3035,4,4,6,8.201857129152213,795002.6573264921
1200,1,2,6,8.767081414605043,412533.16296257405
2963,2,3,25,2.356187383007504,500260.1799568707
2661,1,4,39,8.664348873737971,532249.7682589425
841,5,3,4,9.923082110585128,577030.8277689422
2641,1,1,20,7.541549479434138,454330.46639718435
3424,2,3,13,8.062927136424893,682470.1044509951
3212,4,3,3,9.949737408029861,799737.2496268091
3545,5,2,22,6.449331254733508,719558.8128418077
1963,2,3,19,3.770977438146245,423277.2811207759
2739,5,4,14,8.5377775066845,780186.6523995213
1990,3,2,28,6.530371997604681,490702.72299365734
3603,1,1,7,6.230758813488609,560028.1734456925
2078,3,4,18,3.2827199996263445,532385.4509192848
3156,2,1,38,7.80700842624598,521754.9319206978
1375,4,3,27,1.7350054827408663,447655.4252767819
634,5,4,26,9.318583637151951,613116.9945936901
2853,1,4,3,3.9324111469343626,531840.0831028518
3752,5,1,14,2.149971875109914,687650.5589632794
2555,2,4,34,4.981298797921769,547189.5682162651
2185,5,4,36,1.3822291833087985,523687.87745862623
3673,1,4,0,7.161635748384697,702883.11361524
1621,2,3,2,9.124349594008205,503784.5426114298
3213,5,1,23,8.535367064246579,708598.4069357864
1729,4,4,26,2.14632526103093,498341.35093736515
2100,2,2,39,2.1364402339695867,284595.25760830595
1302,2,2,35,8.320910340918378,406093.16321861604
3049,4,2,33,9.318288471428044,723506.1813018642
3377,3,2,28,5.146028468501402,550700.1000114304
2179,1,3,23,5.490740052223893,460372.8921844224
761,3,4,23,3.864358372471533,365998.446868872
801,5,1,3,9.048386064307726,540747.2951847588
2581,4,4,2,6.804126147631203,688046.1648569923
1595,3,3,33,3.5942641945063163,435037.9871926411
2917,2,2,22,3.6890458394882644,515850.2456610749
1415,5,3,22,9.020800657572421,644746.8165730678
3942,5,4,4,1.1227062151523932,770562.6625363637
1055,3,1,30,3.9045391545397456,301646.3029061387
1875,3,3,5,5.989210130947321,532961.9780763437
1616,4,1,36,2.333957158893922,399870.31247230264
2943,1,3,9,1.8288887877963083,470640.89804807137
3367,3,1,39,8.33748697981504,632957.0799692285
937,3,1,6,9.049639497836566,404845.1467229284
1478,2,2,38,8.412457787183705,414619.6041817308
1676,5,1,37,9.08909100763613,550639.1953352761
1391,1,2,20,5.978007739525344,355089.230372693
2864,2,4,19,8.310323088913076,613912.2847894646
1363,4,4,2,4.456383745519904,552541.3238819473
2835,4,2,21,6.996410753311347,636290.9187856492
979,3,2,3,9.89951978250248,442540.9462989688
1092,3,3,27,3.0315495145521467,394497.35035124316
3712,4,3,11,4.509097716619726,724733.1384704094
1780,3,3,37,5.32042639579077,502685.0034194979
2662,1,4,35,2.2421393831804655,371849.48774763674
664,3,3,4,1.729347494185511,324561.59819820366
3168,5,1,12,8.46750579689462,733643.9339866778
1967,3,1,22,9.791149355448276,542653.2809543228
1752,2,3,29,4.642525574466928,370362.88023935165
2627,1,1,36,1.7888485257518796,334152.6177176216
3295,2,4,24,1.5923058462151882,594360.6695049793
2095,2,1,26,9.021863857242689,489873.70267440466
3734,5,4,13,5.174328247549119,820726.8846793268
1762,1,2,35,3.8802458490615273,265523.88577233115
2122,1,2,38,5.288151441154596,342367.64899524086
3240,1,2,15,3.864736852231126,478923.2032129203
991,1,2,21,5.40132197776858,267226.22532954474
2298,1,1,20,8.736007572261432,479494.6228498613
1018,5,3,20,6.330712339558861,551850.1211629693
2936,3,1,7,7.251883955291579,681481.8748632012
978,2,4,15,4.282036086109029,349040.93446362944
2396,1,1,30,7.6465529065946685,422463.36573610903
2878,3,1,9,6.999553763914351,545505.8640928136
3665,3,4,31,2.076057979768508,555576.6324540416
2688,2,2,33,6.153785678040261,517257.5435193173
3699,5,2,8,3.310691466787822,739654.9775534305
2782,4,2,16,8.236861026702336,646261.9174646954
800,4,3,10,4.833439376202455,452435.92628295824
2463,3,4,31,9.952157486768385,643734.5019818952
1379,2,4,9,1.832503941450674,362735.41641615983
3577,4,1,21,8.023130764661428,698005.3854877998
3704,3,3,16,7.063315601879408,691399.3950076824
3719,5,2,3,7.907489475316349,804642.3851946591
1102,4,3,24,3.767768159414107,416114.5844806535
3054,3,4,20,5.428490404441606,658930.5085196308
2351,3,4,36,8.168576677513375,525297.6334610621
1404,1,1,37,3.092871984587695,216376.88089750154
2746,5,1,0,3.034298771097869,575708.9978381498
3331,1,4,24,5.959458579654392,546316.2026562737
2495,2,2,35,5.712072215768702,449160.27331400034
3373,1,2,16,3.5403622337163956,485144.41815906053
2170,1,3,23,3.682680854723405,384231.8398323934
1560,4,4,1,3.5006064688590897,508644.0019168931
3260,3,4,39,7.943608557986389,709776.2861603537
2085,5,2,14,6.867107790062145,602489.6382038743
3290,1,2,31,8.491754650692275,531971.234164737
1628,5,4,38,9.779257254826197,675801.567771561
3889,1,1,5,5.267478666447878,566522.6764020309
1102,2,4,0,1.6002449326490398,341066.1934296905
3414,1,4,22,1.432830793708319,410335.40257638827
997,4,2,38,3.6609853534445724,346832.8822469974
1470,3,2,16,9.392901304172058,521996.0313600569
3442,2,1,33,5.708917494737874,550829.4078666437
992,1,1,28,3.4460786447211627,201233.22338074178
806,5,3,8,4.592501150599176,484041.51364710473
1638,2,4,12,6.387355966642037,558199.8217291608
2481,2,2,5,6.87654692324058,520680.20066279464
3539,1,1,5,2.385275588046145,483519.929059088
2084,2,3,19,9.793285088906584,520442.270611057
1463,5,3,2,5.9029500428451,564953.0328810439
3390,2,2,16,2.2211948601305136,530268.0256465403
3912,5,2,11,9.042717280115204,886995.0472125754
1163,1,3,0,1.6717458797148592,275101.384574741
1620,3,1,16,9.169618898597614,441835.2138195271
695,2,3,2,9.969090906600842,449096.9652861288
2523,3,4,25,7.303886192408535,630177.4998486843
2357,5,4,14,7.934024989665908,740382.5680278052
3132,2,2,35,4.035725528207378,476589.84003519895
2878,4,1,31,9.474191674605404,648916.8699048351
3396,3,1,31,5.767425694975309,557364.3905473297
2278,2,4,3,7.591496019377994,556012.1460376795
3842,3,3,17,9.316969443201515,797990.3859301731
1140,2,2,18,9.776619783779575,442582.50157149945
1659,1,3,34,8.498839209370068,416159.52622106334
3172,3,3,39,3.7271575628382703,550004.5509020374
1783,4,3,13,9.698927648968741,632862.9138521759
2322,4,1,32,6.653075781192146,546197.0746090892
3914,5,4,13,9.375782287167638,971374.8969799201
3757,2,1,33,7.084945232329167,608030.9750074561
2419,3,4,3,3.7651506566294843,556594.425929
3225,5,2,23,4.330220717285344,656773.2605668087
3329,3,2,28,5.954245993926464,587213.1578933079
3204,2,3,18,8.110133574038938,631481.9374784707
2197,4,4,5,3.8618429620630144,579505.5927664348
3660,1,4,32,6.217580495207729,617337.6667866551
3293,4,4,39,4.110624942187614,585376.7509366274
1395,5,3,18,8.341924641715964,631864.6283484283
1651,1,3,0,5.200552843911554,413195.86780301493
2243,5,2,4,1.690505441675967,594318.2947451882
1963,2,1,26,2.4944726933338273,358527.36436064745
2581,1,4,15,1.5499420085766906,409558.78372844425
1954,5,4,5,5.493726514128927,685760.4637536611
2263,2,1,39,1.9570356761340446,326174.00687776913
2129,4,4,12,2.027259723786689,492030.2875202626
2638,2,3,34,9.469434340345394,590280.329937998
2096,3,3,18,8.853895649584498,575648.0858228679
3902,2,4,11,5.068779371302294,685211.3931275274
2837,2,3,15,9.872247887651852,691011.7298305804
3896,3,3,9,1.001678753535968,633021.5204859723
2008,5,4,24,6.525815106460544,629716.644522988
2000,5,2,19,6.5478535963468305,636330.1475231887
1906,2,1,30,5.1169875028289935,383994.44319333404
3280,3,3,3,4.572531756408636,612598.4059587517
3275,3,2,22,5.098448219325468,549997.1055002365
1572,4,3,1,4.734643924717124,507096.083304005
2368,5,3,21,7.574432297340694,715887.4004734404
1882,1,1,36,2.2181989147595567,244755.04281342754
1309,5,3,7,2.778752985320171,515097.9746175386
2079,5,1,6,2.624664055531812,485978.17111951386
2034,4,1,13,3.362235266091381,501895.89075238834
1248,1,1,2,5.72732576903425,252733.9557168789
917,4,2,15,2.0008787260439687,347236.5257974795
3896,1,4,18,8.813523657938537,711568.7272654728
1857,2,2,17,3.676253781776251,355348.5029940254
1283,1,4,15,2.462841887218371,340235.1273397926
1263,4,4,7,7.08059178638419,548141.02132877
2598,5,1,32,1.3427767053938735,475301.2887540563
2231,1,3,11,6.579717083867478,511145.0712813568
2095,1,1,10,7.283785876088498,419493.928450325
3904,3,3,4,2.9342487824804726,688780.1588260975
1736,5,4,26,1.3776766609927087,558308.283627736
2453,2,1,11,4.2728082302750465,359471.873207628
2120,4,3,16,1.8873480721774283,529427.5035960901
3089,2,2,5,2.048300647060034,471721.0533795549
1163,5,3,32,3.288351083003781,452246.8116231042
1891,1,1,4,3.659211321640834,344623.820104737
3784,1,2,27,5.769733069192785,542831.1014909054
2236,5,3,13,7.1055269695271175,698389.7908824803
3599,1,3,4,6.334938467831663,610269.1357884157
3752,1,3,32,2.335243035605651,509459.7444551237
1298,1,3,18,2.548774292073638,275785.30398363416
2760,4,3,21,8.90892324813623,673748.5293782975
601,4,2,4,6.025170835577023,410873.547530159
1241,3,4,1,8.8294404960792,562964.7440851144
2867,2,2,29,4.343918601878869,537942.9103715161
2189,5,2,38,6.5296000668819145,641111.7078417344
1454,5,2,3,5.712970744491496,541882.3702400341
2359,5,4,32,3.8721114083841632,631182.4261797075
3896,3,1,12,5.229238348302358,637697.4160809539
3032,4,4,19,5.522417891442388,701386.3445434116
2261,3,2,6,2.806938772810107,485286.5349285749
1753,5,3,14,3.8350933513905843,582392.7756879167
1676,2,3,22,8.12268775456278,395779.8357452013
2307,1,2,13,9.242094155087145,511200.8545092792
3377,4,3,22,4.238146841907695,658952.5519964373
2295,4,2,18,3.7627505398811634,510801.2410490367
2333,3,3,28,2.756774481146943,504361.42952929006
2039,4,4,19,7.106420517855231,676375.1104728552
2894,5,1,28,3.9078973149970357,618907.1256151602
1435,5,1,23,9.889745851892696,567608.2675659433
802,3,4,17,3.931163218575579,369014.2856638784
3855,5,4,9,4.547224421043653,733005.2110896016
722,2,2,7,6.430007765908313,353949.20099503046
1000,3,2,25,8.215158638721745,451643.968722151
1366,2,2,28,5.225667988110703,352601.9016264373
893,1,3,9,4.803904304100625,337631.46160064975
2927,2,2,16,9.960740502353275,580904.7082856263
3531,1,4,1,1.0944427702595,529419.3609042595
797,1,1,5,9.055587599661212,323786.5624385523
3629,2,3,4,2.342267433457637,581261.8529801521
2530,3,2,27,8.07332748588022,612604.3907723457
3399,5,3,4,6.561384038616682,793384.0069638592
2791,5,3,17,4.076625569482829,659228.3806509281
1208,1,2,25,8.864874599689166,339440.82535783807
3872,1,3,19,1.116165051828928,551085.7360073774
1747,3,1,26,3.040215868674313,329149.06700728106
786,4,4,11,6.102035166245824,485562.38613260613
3997,2,4,6,4.163880340447282,734684.5587392608
3111,1,1,2,6.4933974578649485,524145.390952335
2394,5,3,9,1.2169917406780013,583578.4638995578
1259,3,2,33,2.048130374335413,324828.4928592755
3411,2,3,24,2.143866161965953,500957.22028563946
3602,3,1,34,2.7035528132440847,532103.3053145626
2555,2,3,15,5.133982967204885,508720.333158195
3050,2,4,1,7.769158295892141,676556.4776788361
1969,1,3,23,9.14984954136011,435228.79499204864
2586,3,1,9,8.518352772558215,600860.8443623453
2134,3,4,37,2.771990845981152,508440.3544976386
746,5,3,21,4.970354970075691,474505.25893245335
3819,5,3,25,2.794704379826815,750046.1636500296
3511,1,4,38,3.380246350004717,532133.5831838748
2334,1,2,26,5.531922833606975,390901.9623413608
2443,4,4,28,1.6129812225117028,516623.8278165367
1088,5,2,37,2.9635689663394587,392267.4248978741
3576,2,1,19,9.418403451764055,647208.6843747682
2559,3,1,26,5.195046633926401,492643.1089537985
2263,1,4,19,5.00847873380085,500497.6830039852
3198,3,4,18,1.13110439276151,601058.2512803449
2985,3,1,19,3.2265977235251118,530644.387415262
3519,4,2,34,8.796631923839632,735823.0929683135
1240,5,1,1,2.481655854328019,420130.33637212537
2402,1,4,29,4.73612445581249,465106.3591342465
3120,3,1,33,1.1289781528030112,459102.5336742219
2569,1,4,21,5.305019335035002,460850.178405993
2798,2,4,2,1.1891899605359544,549804.2119409251
2038,4,1,5,8.3764859775922,621742.8981106121
3969,2,2,14,8.423683907383932,660008.8749765685
2234,1,3,26,8.08967969472133,461408.4253437454
862,1,1,9,3.550276620020064,205026.43537655415
2387,5,3,8,8.535134963996363,749659.8820419546
2791,3,1,32,5.886983193447424,536621.0620670159
2993,3,3,31,4.364272979803022,573846.321932303
1223,2,2,5,6.627969637338097,412481.30360781454
1616,4,2,35,1.111069414543366,348604.4477431362
1480,3,1,1,2.2866478984067693,379929.8592254358
2649,5,4,28,7.680641843532365,736785.1339833413
3544,2,3,3,3.197454478445377,574512.5823501513
1927,2,4,0,6.382082055958747,489491.7455009179
2901,5,4,18,4.465923425407267,715888.6803767105
1052,4,4,25,8.693252009193353,569612.6060454063
3708,5,2,24,9.571737753969792,775780.2205712764
1783,4,1,9,8.952082555331714,569885.8007951806
3662,5,1,14,3.43557995224237,688315.0767585419
2656,5,2,21,2.7474658214147403,575703.5807019382
3904,1,2,20,5.269914042586615,577317.5277585867
3770,2,1,21,1.0660073575256224,483303.35359353176
2282,5,4,35,1.2322845357686356,573068.0744885446
3463,5,3,33,5.979615756607001,763659.4160465685
2855,3,3,29,5.684044637487574,604502.8427324031
1754,2,3,24,9.95123790131734,554492.3013298926
1003,3,4,27,2.816576518273823,393744.0096810385
2799,2,1,0,3.3229353624442157,454966.89031173824
2701,3,2,3,2.0218657809365803,489770.9289163337
3791,5,1,6,9.257887086883702,793768.4346499458
2296,5,4,8,8.000301200126057,746333.2512869836
1227,1,2,35,8.401052003111626,384756.4652017427
1186,3,4,18,9.124874091680578,530343.6945326623
2248,4,3,0,5.7240998805325445,637083.5080227586
2043,1,3,9,5.060738723056513,404278.2232001384
2045,3,4,35,3.9735232629905486,502141.4022145207
703,3,2,8,6.302931529130699,430360.67426270695
853,1,2,31,5.088505571108403,268999.7273670686
3898,5,1,31,5.064090279450176,667596.7235535447
3783,3,3,5,9.43235077358025,806998.0529492907
3157,5,1,37,9.856283628512172,747826.2231717787
2096,1,1,16,8.168359503966226,428869.574724436
698,5,4,9,7.810822812222355,600776.3978998077
2800,2,4,26,7.125023456011913,571412.2835275846
2484,4,1,34,2.4946736710016233,472907.62484544044
3561,3,3,20,1.5319523878808907,621036.0495598982
2519,4,4,24,7.216536836019368,704456.9389506497
1477,5,1,27,7.559076000309184,551086.521104768
937,3,1,14,1.4227569198832581,252294.96470554706
3469,5,1,3,9.352465752059633,769459.9167270744
3834,2,1,28,1.8202657550020978,501542.80427837005
1556,1,1,8,3.5731048039408213,296549.1298233936
2304,3,1,26,7.05150831518834,503590.6136282356
760,2,4,25,2.528853349640287,283010.9553094572
2203,2,3,18,1.4987429959801999,420810.79109
3448,3,1,27,3.980318402477348,558488.9667478518
997,5,2,16,7.893744173696612,549747.5147461877
1900,2,4,19,4.723108110867344,488958.7691624479
1415,4,4,39,6.876756297171454,528746.1248032332
2127,2,1,38,6.21657187505323,389988.0413221106
2519,5,4,22,1.1999663382302237,639754.0041901344
2015,5,1,31,9.89685988341136,605119.1231907965
1758,4,3,32,1.3728527993744897,426734.6397546359
1818,2,3,4,9.710224638836365,592432.9557533907
1000,5,4,33,5.9487776052795835,520535.13728918484
1239,3,4,39,9.668431243585598,522675.81301499624
3704,1,2,10,2.032782394724519,484326.5901133222
3335,1,4,2,5.413676672669618,546840.3819156783
1059,1,2,32,2.5255368267945277,212032.56813974876
1554,2,3,10,1.4587738932019816,325325.6909140574
1069,4,3,15,6.557762035560804,510488.4179816639
1645,5,1,17,2.870050788655223,505408.83548867534
3397,3,3,29,6.289273164587914,586966.9035856093
2293,3,2,9,2.0112803375408705,448017.5242837427
2685,2,4,17,3.987878242894325,549535.0514836118
2877,1,1,37,8.034693022479225,400115.48257453257
1162,2,2,18,4.933463696579689,385017.73811779276
3085,4,4,35,6.649708734076027,712586.850507954
2399,4,1,12,6.827121466709913,614870.0941927606
3954,5,3,2,8.593795395885643,877355.0884950634
2674,5,2,9,3.9243051496597716,622322.0960818329
825,4,4,37,7.185660063242658,483798.1186098345
3948,4,1,0,9.654542263415491,872049.9112892661
1397,4,1,26,7.5721900092208125,518152.98786062276
2931,2,3,7,5.4088342904597,577332.6033588474
3526,4,4,16,6.676457000427363,780841.5157872222
1559,3,3,8,7.657146079867974,552146.2534658511
2104,1,3,5,6.510481891244852,539533.8204046506
1052,4,4,24,1.1500823214085525,421022.00919488753
3667,1,4,38,2.7529614791850325,526861.6481890727
1415,2,4,27,8.294213954939195,473146.81969047873
1258,1,2,32,3.453855825812362,260742.22733589527
1146,2,4,36,7.584059076050205,411771.5053405777
1815,3,1,8,4.3490819371752885,446773.0264615096
3720,2,3,17,5.696958953421489,598050.8434703283
616,2,2,20,1.6117596983746334,214461.88891705463
3843,5,4,1,2.6310300494473857,817737.9983902202
1843,4,2,37,9.61477267167311,587506.9493952693
2805,4,4,39,9.011242481022226,701250.3381813369
3124,3,2,35,6.870475998091452,592446.0415675004
1669,3,3,36,5.136801376471636,482474.0200496698
3165,4,3,14,7.0818516360570145,682818.5215798774
2746,5,1,27,6.567492601845451,602365.5213118917
2368,4,1,17,6.116970300441508,529760.0879499802
1660,5,4,33,1.5325936467718764,512632.25611248397
2927,3,3,21,6.695223495953562,586997.933214921
3144,1,2,10,7.9202804011405155,588442.3189782379
901,3,2,12,9.94673489181018,451026.67582573625
780,3,2,3,1.0997069733487872,310251.6501160984
1206,2,1,21,7.57156107979609,350108.2257012826
3770,2,2,6,6.146103843423824,639420.2433746236
1299,2,1,23,4.90646958472861,272142.9506201439
1592,2,1,3,2.148131571142338,353674.8566196471
1739,5,4,27,4.681766337713886,563791.2606125781
790,4,2,14,4.1893946468752175,367802.93835016084
2900,1,2,0,3.7254690008086797,538543.5572884971
1580,3,3,2,7.577916609899869,559190.6456146608
3575,5,4,13,7.306529691558374,873959.4540317914
2606,1,3,37,6.301180818828204,478297.99319980014
1784,5,4,0,9.44798331964035,719272.2874747822
3927,5,2,37,4.14868945762769,681034.211456322
3994,3,1,37,3.194217439391616,568716.1661443113
727,4,1,20,6.9031298178855955,379578.73336493806
2665,2,1,28,2.7893265484366268,376001.45917819516
2416,4,1,4,3.8350945646508214,488694.5469406668
2358,3,1,9,3.0214219606739636,460197.7153866803
3213,3,3,27,1.622382109466511,592322.1213648117
1169,3,4,20,8.447488674721061,539636.6707477439
1946,1,2,6,3.2908648862949503,353320.814631564
2495,4,3,2,5.257247530087186,634116.2246385773
3333,4,4,19,1.3898374592888074,552731.9820893402
1225,5,1,18,7.294055196273788,505567.1743430011
3959,5,4,34,3.975049020756617,741585.6715927849
3501,5,4,3,7.70263055046289,864828.5516576306
2286,3,1,4,4.7116275442107955,483250.40608810546
3609,4,1,0,2.7618004576506214,610927.23150119
754,3,1,3,5.618575740538323,364721.0317316922
3137,1,2,11,2.174541036736958,445853.5663083984
2009,5,1,26,4.964852438856953,581673.6282030229
1384,3,2,22,3.8557492967843787,409606.42374510353
3775,3,1,24,9.207636257796699,702612.3393519486
845,1,2,20,1.5483584954864795,164904.14994341895
3847,2,4,23,7.2461567269516785,673188.2539761168
3710,4,3,24,2.644760493886923,686475.5102693427
2100,2,4,31,3.8714056689901586,449613.6889057445
2305,5,4,31,4.739626567558593,650442.5698904704
3406,3,1,4,9.172135804374768,718766.6169161276
1137,1,2,35,3.1832043946644264,186593.6701947192
2490,1,3,38,1.821779222902032,404047.72466647916
2441,4,1,15,3.868206435914712,551870.6156613525
1520,2,1,32,1.9420837348198001,207363.34336186876
3055,4,1,20,2.1573683736449727,611511.9462811415
1124,3,4,8,6.1646553817752405,500491.028698353
3475,4,2,5,1.54811739789544,607815.5356259635
2129,1,2,34,1.2783779325420943,307653.7211268465
3550,1,3,38,7.42972691323448,548289.9092908121
635,5,2,21,4.2548238535694,441873.97624051024
1284,5,2,4,2.1283781431048596,447914.55063666357
619,3,1,22,3.282514937737374,333595.2083887591
2968,2,1,16,6.778778566171591,532670.4652754286
3159,4,4,11,3.479829104267661,700499.9915106944
999,3,1,22,5.450690126083671,329804.6919332784
3301,5,1,15,2.0952577605400506,645649.5381961296
1571,4,1,2,6.292842738449023,505605.3141374273
2506,5,1,29,3.8446991545893767,515299.03550312005
3118,4,4,21,6.642715910758449,718103.8716604088
1766,2,1,8,8.275553940736206,513576.9831333176
1715,3,3,28,6.504817774509932,521027.25257580716
1433,4,3,36,3.661728063355186,437540.2673189033
2423,1,3,22,3.3016933139347033,353129.46115440456
3374,1,3,12,3.9467886286010323,504825.87232174305
2582,4,1,31,2.481584619128544,442605.8196887829
1453,4,3,22,2.630546657650181,395885.05733327067
650,4,1,16,8.11621991710151,455247.83551101317
1174,1,4,39,4.462593188567005,317053.6327888437
3861,1,3,20,4.923956625135272,638665.263341326
1748,4,2,1,6.3464451901013,525877.7534619647
2797,5,3,36,6.306881456363929,684693.6657452354
2961,5,3,5,1.6063918436973315,611412.2022673468
3217,2,1,17,8.48386707703899,569893.1367063542
2952,3,3,29,2.595938979015455,529487.8438537141
2315,5,2,21,7.50764472444702,643057.0493872301
1281,1,1,32,7.954038893153499,317546.4673680191
1437,5,1,29,7.434095806821823,554395.042403828
1677,2,4,16,6.210798818987307,509666.2183645645
3650,2,4,31,1.1314809739799458,528816.2233625329
3091,3,3,13,4.2433794312685365,605737.7015680737
3260,5,4,9,6.4435548642632305,826947.2079813066
3640,1,4,35,4.487061663302848,593105.2667674763
2911,1,4,33,8.771319054215319,559827.7608547952
3724,4,1,8,3.779220478146538,677808.7877534381
2195,1,1,27,3.641813132127944,336217.99432516313
3651,3,1,10,3.3939792378339217,556764.0230688974
604,3,4,13,3.9950278206471594,413277.3641697006
1726,1,1,38,6.016644678827685,316112.94957368984
1819,1,4,18,7.363137648453317,415319.5336058237
1373,4,1,14,6.963111259649066,473273.35772780154
1476,1,1,27,8.269460379833315,349951.1154099068
1591,4,2,23,8.973225959476824,541865.0523527964
3531,4,3,7,8.34471138109016,827408.7545794798
646,1,4,8,1.1705086303691912,282310.0493408954
3514,2,2,32,7.623261581967899,595501.2057485575
3470,2,1,32,2.8755961625649844,462967.1427278615
3583,4,4,18,2.1963523843718438,682226.1379402
3303,1,1,2,6.74639906319222,527870.0071835995
868,2,3,9,3.877688758669254,320882.94979497785
969,1,2,39,1.5140544703339893,64965.92414673368
1235,1,3,0,2.238667609585252,357793.54466133896
1729,1,2,28,1.0083647518296495,256706.00463224098
2293,5,1,33,9.129012646102366,631230.3766171087
2282,1,3,12,1.2215618545711473,378613.5646060625
1256,5,3,0,2.8851019255855994,517723.01882432634
719,4,1,33,4.746365026191166,332598.9800257417
1430,2,3,28,4.209141933557372,341396.0062602417
2410,2,4,12,9.20553289221498,565855.7281898868
1681,2,2,28,1.362600511610879,268468.23800562316
2574,2,2,38,5.609932369093464,432587.01030609966
1969,2,2,23,7.124315162719366,479433.0137292521
1340,2,4,25,9.38528176313052,522554.54870214546
716,2,2,16,6.58334126911349,311001.59615140693
2453,4,1,6,8.233797124105864,544860.9953561504
3438,1,3,12,1.7535244406081356,492447.0455075488
1750,3,4,4,4.473455598432347,511395.89274816273
2531,5,2,25,4.365524210311607,593119.9710840661
1612,3,1,2,8.97659394810146,542332.1473297395
2264,3,3,6,2.3623405413694742,503079.17757580616
1681,1,3,38,2.3669755510296726,264895.7172370284
1233,1,4,0,3.957023348972186,333128.97153688996
1112,1,4,16,1.4901944263015383,276312.53555431997
3449,2,4,24,2.6421223658724102,545825.1730019415
1719,4,1,2,9.686886746911616,586117.2737725687
1741,2,1,14,4.853655458804555,406553.1849430204
1159,4,4,28,6.688172875801928,483338.0776034455
1087,4,2,31,7.535001334101732,472783.6396462945
3908,3,3,25,4.302652663064804,696918.5348272326
1496,3,3,15,2.3250436696946526,407230.8411393187
3943,4,1,24,2.8592291459960273,657157.4528042909
1812,4,3,27,3.819398289225493,493885.997658602
1303,2,2,8,6.724615783170031,414620.9755122993
2070,2,3,0,4.58452494180149,496677.5941240329
1180,3,1,28,1.0613322811011532,257081.54147651102
3437,1,1,21,5.710664665607247,557439.0386254608
3508,4,2,15,9.29362052716676,782625.6729535945
2894,2,2,6,8.308698499078112,638342.6199370474
3747,3,3,13,8.42690234133668,786390.0269564763
753,2,3,28,8.155522158455181,394324.26672115986
2279,4,1,18,3.913577430493813,544980.0739556098
1596,4,2,18,7.886744503789528,551934.9505029053
3757,5,2,1,2.288452220300737,698571.7507768422
3344,1,2,14,6.919445325483582,553774.2091717854
3956,5,3,2,6.77411710016495,827889.8917269661
1843,3,2,10,1.2301281918076121,336189.2203245446
1692,2,1,29,8.091731202318385,387678.125866487
3718,3,1,39,9.129232945856176,668665.7275764666
1608,4,3,17,3.406737506248969,521224.75653354573
2741,5,4,1,8.311516517675358,776230.8813649698
2373,5,3,31,1.741653746757534,589935.0006110097
1557,5,4,7,6.399710724349594,602935.0018083014
3659,3,2,21,5.370821788008494,614974.6359960843
1052,4,3,5,5.913311799781,546779.7030725185
1827,2,1,11,9.335846816959105,479723.8282663212
3559,2,2,39,8.841837225221681,620024.9290946039
2865,3,1,35,8.065752915157812,575125.9039256659
3121,5,2,14,3.463286119105339,626278.4708405943
3079,1,3,27,9.206367658174825,573813.0021523277
2988,3,4,17,1.8775692321748774,573372.5137763764
1150,3,2,1,8.67996294902909,531131.5466869301
2235,4,4,12,3.9534406511824702,548802.4477601359
1912,2,2,14,1.4839508049578503,407931.9634693744
3925,3,1,19,7.0242128581667345,670815.8024155742
2357,3,1,28,3.081519354843599,396051.226694484
956,5,2,28,3.192140132781687,386275.3801260742
2670,5,4,2,3.7544244960589435,710528.7043773727
2385,1,3,18,1.5731629075226505,336513.6695710082
3169,4,3,2,2.594144297784286,630962.6005931881
2381,1,1,13,1.0462566482700426,306004.8557108224
3771,5,3,39,5.008685689952081,783544.5352252391
3449,2,1,3,1.7582983967617416,527394.6802633365
3851,5,3,10,7.143873445397791,823945.8714655505
3894,4,2,30,3.1206056607248356,650581.0158157295
3409,5,1,31,9.492167296316595,707758.0949626866
3089,4,1,26,8.841264646587874,607738.2235076303
2231,4,2,29,3.6049680547138743,469184.0553311719
3416,4,1,1,8.048939091910109,756130.2909086008
1615,4,3,8,8.229204141983256,623401.05953923
1948,4,3,27,9.879068027029694,648456.6175851364
1115,2,1,30,6.380559881611164,277561.86170958553
3687,1,3,33,1.7376916117929597,463277.0878902115
3439,3,4,14,6.821535060337428,694896.4757844337
935,1,1,24,6.624817735384317,262651.1459765501
2382,4,2,35,6.745155196783886,567705.7821211836
2905,2,4,7,3.7643108329379036,537878.7693917133
1096,5,1,8,8.737116265722996,560046.2922858321
1495,2,2,36,9.635249646598707,451291.50184535637
2807,4,3,38,2.959412616803364,543922.7271511485
1451,2,2,31,1.7933694232298,299925.16396141617
2287,2,4,16,2.7508152985163568,507659.4721968932
2531,4,3,34,8.38496925330147,696238.5698585646
3337,2,1,36,7.089801713378628,557774.3324920959
3027,3,3,18,6.7244260810521395,656369.1965082473
2168,3,1,28,4.6161382159848205,434434.2348626654
1556,2,1,6,6.200451743602922,427564.2283209152
3338,5,2,27,3.7708671274693066,638162.702848134
2236,4,2,8,5.294800714761651,599255.1378257205
1891,3,2,27,8.137567255335902,507939.5644232467
2040,5,4,5,9.83117437709916,802691.0302943564
1791,2,4,28,9.392400312308217,558063.528527931
1666,5,2,16,9.404793485616239,634445.4237614608
884,1,4,15,4.620013613624011,318969.3992444246
3044,3,3,22,5.219108924561119,623850.1960257353
611,2,3,30,7.3507185673208335,365882.4628451808
2230,4,4,2,9.299727352461558,708403.0542661744
3973,2,4,20,2.277948334168762,625563.5918436828
3924,4,3,25,3.738176774444762,736628.7451986303
3146,2,1,35,2.2532216013469855,388305.3480884081
1353,5,3,36,6.508076769635098,569815.215111197
2682,5,3,21,3.756708971987838,660685.9954891716
3374,5,4,11,3.934970672613161,796663.6728157492
3496,1,3,12,1.638243635391813,474051.47491647414
689,4,4,10,4.148164556268327,455291.8191680186
1375,5,4,15,8.762468566614269,662923.1025940214
3252,1,2,7,3.0976553070175146,500590.45860190486
3617,4,3,39,7.256687195890591,742057.3728787567
2225,2,1,39,6.666655104447334,384517.8949129681
3669,1,2,1,8.771361475322038,650277.1278395269
1017,3,4,29,2.1905915288593443,429566.00183531817
714,1,4,29,9.798309643105389,410412.72341865965
1216,1,1,11,6.24365781436329,356038.4648834456
3867,4,4,9,9.95926737112133,913894.8880058564
1425,2,3,10,9.203632532792657,538839.9043362887
2249,3,2,14,2.993655449017952,477382.902103423
2116,5,4,15,1.505458089129818,599511.6967735364
3746,5,4,16,3.300751844158254,784804.3610086122
1012,1,1,25,5.748072840994779,256231.63923783088
1328,4,3,1,2.54436730358671,491093.770757844
3948,4,4,11,2.5071377006618967,722825.490437432
3668,5,1,25,5.163341923946378,759849.4149938893
3408,3,4,22,1.2994117405242258,567326.6715087497
1275,2,1,17,2.0969927427904342,295056.1471635243
2492,3,1,31,4.742752054671528,512611.20289553463
3104,2,3,37,1.5681691828716982,463112.5817025147
3567,5,4,2,4.5707955080997635,772703.196278271
2839,2,3,37,5.266056393536005,551205.2333439046
3386,4,1,2,5.06139952665803,664364.3286838762
1722,1,2,29,8.822573716627787,435194.8350039146
2171,1,4,0,5.770562095465592,493735.65284603235
1577,5,2,29,5.21182416230239,576404.9068655133
1608,4,4,31,4.6963832085249955,460649.68544823333
2743,3,3,27,8.358610404740375,645318.6024075006
2287,4,3,20,9.055509435998498,704277.2784091684
3310,1,3,12,8.679182222774058,621370.5508833157
3861,1,3,26,7.0619192031825175,627642.0222424599
636,4,3,35,2.236255713718068,331195.8787833807
2148,4,2,6,3.4918297254281105,530823.4814539815
2926,1,3,21,1.414567573137797,371833.7880694885
2864,3,1,9,9.377416674911027,611650.3691321907
3514,5,1,38,6.947186767218193,680851.7604078818
1472,5,2,14,7.717265958819174,606895.3392220982
2421,4,4,14,3.8041456562400606,593917.4474264799
1896,5,1,3,8.610881700496082,616247.0804172492
2709,1,4,31,3.3364295533763064,442937.967400881
1195,1,2,22,1.0147938140120472,191313.5588978716
2503,4,4,5,4.3877346626862455,652293.5540544251
1328,4,4,23,6.136853328631661,549006.5859396572
1965,4,4,19,5.3083437216897025,613946.5963082269
996,3,4,36,8.758685283189372,507836.6395954532
1298,5,2,19,1.9486475736055024,463572.1497242712
3690,4,1,11,5.98441096570353,682984.6232083756
2824,2,3,32,5.616814148388167,517799.3335616326
2235,2,4,27,3.532536839549467,441860.5556360642
995,1,1,7,8.400053013193094,307806.71074735245
3092,5,1,0,7.775637902939857,742718.8072605012
3904,4,2,36,7.595732685986479,716856.2733313263
675,2,1,21,8.885732304426003,386056.8311710699
864,5,2,5,7.505061405593691,535690.5536044339
3102,1,4,20,3.086571625432538,549126.0457619021
2419,3,4,31,7.3500644048472195,623434.9861889625
1317,5,3,34,3.7693253205085946,469437.8152202044
3382,5,3,14,3.179571853127235,710374.6490034425
1450,3,3,4,1.657032336096646,358269.0299235318
1990,5,1,5,7.69625722312909,626103.8274151675
743,1,4,24,7.3990086575483005,333827.5632620216
1484,1,2,39,3.1104952990668435,224952.1098022814
3740,3,3,28,7.744411150517403,763091.5953167119
3770,4,2,6,9.260567947841977,834592.070117707
995,2,2,39,1.9722606174242134,268019.34286167176
3696,4,3,12,3.0937297454809745,717588.2089996595
3595,5,4,37,7.75234714678584,782906.0458183528
3538,2,3,17,3.4705600615637042,566746.782828787
2092,3,2,1,6.621975768553451,534662.3003244158
3822,3,3,7,1.7304780201734307,585348.9833729616
1767,2,2,10,5.069822311931849,401916.4559587486
3216,1,2,32,7.651822797936577,512118.042378068
1662,2,3,37,7.178625487389272,443848.13790310785
2756,5,1,26,8.335648906082262,752312.7879682571
1665,1,3,19,8.89706913942852,451102.56515904336
1809,3,1,11,7.958651511328824,502792.25956308085
3582,2,2,30,7.044289686450334,597518.1456872113
3045,4,2,26,1.2855024263442805,565638.5371422716
3894,4,1,31,5.814700060684997,647125.8826621871
1233,5,2,9,1.339279524233675,500347.6109155094
1756,4,1,2,8.272610354044204,559885.2999824581
3834,2,1,26,3.886520720139618,530575.898356888
1838,2,2,34,6.061864367061288,438488.83431925677
1332,4,4,30,3.5150077658701235,448402.934090949
834,2,1,14,8.042501299422643,372717.7962834913
3305,5,3,15,8.978522739777123,861364.9399827867
1350,1,3,12,4.587782447917576,338100.2879500032
3235,5,2,34,8.766301541598901,811227.7408537855
3680,5,4,10,3.4036750671069917,801092.9979170669
3745,2,2,20,5.811948307679715,630966.115057019
1553,1,4,10,8.728852868548335,521924.41307120677
3139,2,1,29,3.9329320835421133,520040.00191881217
3560,3,1,34,9.586380385702771,675577.0905676703
3924,2,1,21,2.0969155160324524,546818.9806512342
3901,2,1,37,1.164475627511556,519911.4472419165
2142,2,3,30,9.137218173203715,501671.4410063686
1797,1,3,13,1.6178379953308502,276125.8398644854
2276,2,2,23,9.927002763527426,544155.8693951691
1791,1,4,31,9.562571757811956,436716.0245042222
2817,4,1,35,2.233188190326886,487317.7818323075
2016,3,1,31,5.838261631233093,456196.5890818242
3593,1,4,14,2.664282677204299,544227.3241434138
3442,4,4,34,4.853396557271079,697312.9560634962
3281,1,2,2,1.552826163338494,427806.6238723923
1817,1,4,15,3.0153212901693056,408554.2903236398
2140,3,1,4,4.269455167590095,436071.6715458414
2676,5,1,20,4.947827502214493,546700.0549349899
3836,5,1,9,9.79746632388004,830125.2828720594
2045,1,1,18,8.27079081115583,445193.203470606
2986,2,1,24,7.636689498807516,540175.0674962943
2119,4,2,3,5.833371832677768,543763.1188418664
1988,2,1,28,8.559979845439091,456029.10760617134
2456,2,2,18,4.0539055209014,466614.30958637514
1965,1,1,1,7.380092014959844,420340.50552754477
1099,1,3,9,9.944055778403548,424563.4618339708
2280,1,3,24,3.8316601804167894,417446.67704527144
1110,1,3,19,7.066157813955706,308862.3963069199
3998,5,3,18,8.598833777371443,847844.3240546557
816,1,2,22,9.24226825015605,302224.89724349027
1924,5,2,23,7.461394218460916,652712.3571903739
1755,5,4,10,3.5524713107542265,618470.7766576008
2427,1,1,33,3.9365393641205184,351344.98726842494
3741,3,3,27,1.1868222891156779,544354.2360443657
3923,4,2,4,7.847973799043587,815659.9464258783
2410,2,1,4,1.3846564545575624,428192.7867813638
3092,5,1,20,8.781871191424711,744160.4728337274
3523,4,2,11,2.0679455302708494,627191.49980132
1805,3,3,3,2.546888609223318,481323.2275885436
2814,2,4,19,5.2887382374901355,579743.7081542502
690,2,1,37,7.6409237365186815,322355.27751214505
1313,5,4,24,2.2510198467916993,534109.4867829509
2481,1,3,13,4.960639675598486,454904.6732568037
638,3,3,10,5.345661469690943,374280.0474187529
3797,5,4,31,2.9105707750173218,739811.5046543749
772,3,3,10,2.0400253901256855,357123.0992677794
1252,1,1,17,8.527788306870756,336905.4081012624
1353,1,4,26,5.52219084786489,350805.2615145668
1843,5,3,17,1.1294311238573767,516697.80767123774
1681,1,4,22,8.226831711781934,498607.9378277445
2283,4,1,10,9.827144248731264,638120.8509144422
3123,2,3,20,6.453335758728226,585179.9619000083
1055,5,1,4,5.533375483756637,497111.64337668224
1428,3,3,22,8.905742767404655,526823.638175014
1494,4,2,24,9.572651107161388,503064.5581074786
1984,5,3,9,7.790832243122145,696600.5195773615
2558,1,4,21,5.009076367608591,500234.34047269786
3672,1,3,18,6.329992593982964,597995.99413341
3034,1,1,0,7.308418285161993,553763.9954988485
2596,1,1,6,2.7484621390162127,415392.15551307047
2995,3,3,3,5.024809289947942,651882.832221245
789,4,4,0,8.468391382455565,540762.879899299
1104,2,2,14,6.892528136485987,359986.4546470377
1814,3,4,39,4.700836604906687,515847.945561177
2131,3,2,11,6.970262806132133,484297.7747075714
1423,2,1,21,2.064001708652139,274014.8637100348
1528,2,4,21,4.613478495083887,442898.98193942354
1533,1,2,16,8.138156841667508,345672.8941603077
1740,3,3,28,2.984579084229832,434320.222972262
733,5,1,13,2.6736535680167592,414051.68287718995
2705,2,3,19,9.557367939247882,571737.2725729069
1284,2,1,32,2.8890786662760766,314678.5610509721
3319,4,4,14,3.3482672168515126,659174.4099514406
2820,5,4,11,9.726543450139042,840139.2382502418
2452,5,1,39,7.612377132385231,610236.8565713868
1414,2,1,19,7.296368797211754,387335.8668326792
1772,1,1,29,8.676337454691232,344239.2891526007
679,4,4,37,2.0424077401311482,409344.6860059413
3533,5,2,2,7.353606129220065,808211.241303057
3884,2,3,27,5.53319748395415,687363.8495668994
802,5,3,25,8.462355762557259,512195.78943030856
3411,4,4,29,5.573275467986749,714999.7070104291
1852,4,3,12,6.582172188420209,590444.3401055817
2299,3,1,12,5.299679137595824,493889.3260999812
1850,2,2,1,5.303430312002597,464892.2451009081
2282,4,3,36,7.911729802556484,610844.2934064944
2155,3,2,37,6.657097605825549,561351.2574039495
2694,3,1,1,6.699368814484694,576267.6684065401
1856,5,3,35,5.052542354483732,482931.1144137715
3976,5,4,25,5.779985467037748,838167.702941335
2149,3,2,10,7.711458995843086,596536.8014849818
1766,5,1,7,8.433468272007264,582602.7546373467
1996,4,2,39,7.269052619296415,511829.14088770177
3930,1,3,21,9.316656899611148,652679.7757675954
3303,4,3,19,8.382916793324808,718808.4744611379
1070,3,4,7,6.056774108285666,470546.66535838833
3618,3,1,28,7.042654653793631,658779.601265178
1635,4,1,39,9.336774492290765,563389.4329853947
1953,5,4,25,6.572512398187525,581582.258975848
3383,5,4,29,8.423262531818477,813353.6789401121
3431,3,1,16,7.199294532309883,643487.4733988323
1567,2,2,19,5.9674272495441985,409664.87591509434
957,5,2,15,3.176543758738178,501308.1544406362
3619,4,4,6,4.833977675215853,700103.7979283975
1267,5,2,15,9.70968542350344,527516.6766379037
972,4,1,26,6.9198884494534,486005.28866811
1631,3,3,22,6.079558423050907,510168.2592947814
1745,5,3,23,9.396609629754046,646376.7406722194
1971,4,2,8,6.2786060293370385,570834.0701378429
3323,3,4,34,5.7347426657566265,664885.2311401977
689,2,4,19,7.833797696351847,397467.37567682297
3345,4,4,36,7.4139905708789,744571.3585662596
3987,2,4,16,2.7384400756758946,650027.3395435731
3849,2,4,30,5.241774471167091,715464.6308999623
1139,1,2,7,5.252638985376267,344475.0025572043
3379,5,3,14,4.4040206371901025,788612.2936112749
1468,4,3,30,5.655641339370278,460892.1013411989
640,2,2,29,4.7179665795442975,262824.4139392354
1339,1,4,19,2.7941094052406483,335162.3463466511
2546,3,2,38,4.71129838547213,437752.3612849998
3149,4,3,11,1.6504925281585894,648899.6454424678
3606,2,1,16,6.182072764969704,600385.6961149941
3816,5,2,29,8.682890940470006,801089.7765269616
1824,1,4,28,7.527583759190997,450837.49526891904
1528,2,3,18,4.243546360487001,434421.57170126576
2636,5,3,10,1.7836408501957737,593741.422888602
3108,2,3,33,2.819344593027437,538650.1842651657
3379,4,3,6,5.909413064453521,720979.2858516924
3399,4,4,33,2.8635137504472956,681751.7495067419
1524,4,1,19,5.895758001564707,470562.8427746215
3556,1,3,37,3.0843912228750905,559788.0718676053
2181,4,2,23,8.640314825284655,584267.2768314461
3924,5,1,9,4.575443255564137,723283.8935232515
989,2,3,31,3.2099556335004196,258913.48761337373
2217,3,1,14,8.310935622223553,508407.6807202701
3530,5,2,36,4.085550683249057,703175.0607758237
855,5,3,19,2.0033891905490373,482909.8103473025
1308,4,2,2,6.133685422632775,531959.3035932228
2438,1,4,36,6.234077839941898,478152.43420347874
2544,2,3,39,7.432261077121607,501301.2620368689
3097,1,3,7,3.16197489887547,521557.6166012196
609,2,3,39,4.993942051830206,262280.20432378375
3471,2,3,22,3.541311271383906,525677.1288283932
1397,1,4,39,1.728583625041193,272983.61936582124
3913,5,3,10,8.889524443143024,823173.6040056298
3922,2,1,7,7.5598282403950705,611533.5850351831
1476,1,3,28,3.713167535129206,372709.24234476004
1628,2,4,29,6.394356935847877,416064.555081407
3790,3,3,9,2.811374093210252,616495.5156184474
1615,5,1,38,9.012129596161937,562812.1341873597
2424,4,4,27,2.034157090257193,560168.2962244968
973,2,4,35,1.034534309570208,275990.5715406467
3736,3,1,12,5.51807377965264,576409.3514253863
2793,4,1,31,6.248150411075824,606152.2714605253
823,4,1,35,6.210687882662239,368640.2230240306
1862,2,1,36,1.4906073469404366,323915.35487730586
2824,1,1,25,3.826394262265892,374939.519703458
2402,2,4,21,5.492790521571987,561954.331744404
1452,3,4,3,2.949212670645168,504893.65094584454
3953,4,3,30,8.853632969373066,793364.5372728263
662,2,3,17,1.7839836051529063,291118.5249428181
1840,1,2,37,5.3864599750483855,301718.2345510205
3474,2,3,23,7.222744517618368,646477.4413324817
3442,5,3,22,3.355759901210342,746274.8456360373
1288,1,1,21,6.618166632977664,321959.8808139583
2084,3,1,1,8.46446635128137,623104.1764069567
2233,4,3,30,2.713032775855428,534142.603575944
2752,2,2,10,9.254985326423766,587379.8695388563
3770,1,1,27,5.9820267939612215,611830.2066006083
1110,5,3,31,3.6930880387095453,524564.8384070275
984,1,3,4,4.877724478440436,279378.0504253177
1004,5,4,37,3.8097269540774916,465029.82489843894
3470,3,2,9,7.526000439399845,654097.2506939311
1117,4,4,39,8.166705970736189,553077.3468514027
1075,3,2,23,8.49643653086795,467344.0578892869
2600,2,1,34,9.87191424627167,546764.6559533942
3356,1,2,22,8.121558632470151,517644.25833222584
2268,5,3,16,6.412456636197071,646169.0555608765
2493,5,3,0,4.052982685526054,659574.585664522
3418,1,2,30,5.901359038396745,461523.0931443653
2060,1,2,30,1.3696135551136488,267026.2822961352
3694,2,2,33,7.703425679769218,665316.8600654402
3644,3,4,8,5.013599905828916,666831.5377068804
3324,5,2,21,1.1802090675896886,669753.3156242953
1313,2,1,12,1.5625624735936974,303964.24284126743
682,3,4,24,4.48719817439581,381496.60016465
1768,2,4,17,6.2507936711659156,472377.19632043294
3756,5,2,11,5.1778355405691405,788110.0340290865
3749,1,1,39,6.572838855629394,494740.7746500663
3104,1,4,16,5.322648329122202,532860.8787479532
2501,3,3,14,6.95533460933212,601163.892163922
2648,4,4,14,2.972134582037208,552637.0718334987
650,3,2,14,2.0155886846525926,249168.20900502463
1284,4,1,38,6.367905591630939,416040.15588720003
1316,2,2,12,5.362205652426767,391785.92554638337
2069,2,3,16,1.2418088864044177,368455.03659075196
1048,5,3,31,4.424336969437323,478207.3127722454
1480,4,3,8,1.9551302694189594,412954.8859607971
1087,5,2,39,5.782211485774257,501068.9752035855
2423,1,4,19,4.561999116943877,475513.01993144554
2681,4,2,25,6.5183671999271615,623441.62946364
2742,3,1,26,8.250419968932144,587919.5153796569
3743,1,4,20,3.697018154573417,581115.5686843761
2174,1,3,17,9.658918937485247,505065.65583246655
2801,3,2,12,5.8207105052881705,615318.192478959
849,1,3,15,6.5646171887930915,336251.07370277174
1273,4,3,8,7.126051359031633,539629.152405203
1037,5,1,11,7.0005837687183075,504328.7500410477
2765,1,4,37,5.598736687405559,495081.1964073355
1370,4,1,18,4.858878620032152,428438.93270090333
3977,2,1,6,1.484037677596401,551703.3780902779
867,4,1,34,1.1987726077106178,259406.40661347785
2584,5,3,17,4.221650750794882,624912.5719963621
1677,4,1,15,4.002948015703234,467794.5854181056
835,3,1,38,4.489256393551061,289815.6587652797
988,5,4,3,2.24531380799371,535848.7381854835
3637,2,4,24,7.643514434831593,703636.1860559803
1362,3,1,31,8.71267973298615,423929.32327374467
2448,4,4,39,9.448431718366315,706328.8507847721
3048,5,4,12,5.431260731676632,793630.4565242161
1223,2,1,16,7.307791292128858,384771.40497529367
3414,3,3,36,8.699960110922852,712730.3981156575
3974,2,1,5,4.764619999841374,599986.2972036964
3566,4,4,18,3.784715153833999,746064.6347008018
3878,2,3,12,9.430521002681411,721179.5803101772
1852,1,2,25,5.641088959693658,375993.0891122
3500,3,3,13,5.475284979317902,748236.9786580265
1177,2,4,30,2.605744869071462,358003.88712643925
2722,4,3,3,1.9733951311602107,577660.7569126377
1034,4,1,38,8.578961762351604,432664.7713424451
2750,2,2,7,6.527198585687662,545947.0807582212
1363,4,2,24,3.9324212561750382,461037.83480440563
3385,5,2,12,2.725625956512398,680822.8529417635
3453,5,4,31,5.999475521526683,760598.6658344198
1929,5,4,37,6.2552736033502185,608116.795508424
2745,1,2,37,2.8629424112055233,383876.3365544087
3445,2,3,27,8.662651731023265,659810.111521956
1958,1,2,29,1.7583792954026598,306163.7432754067
3506,4,3,2,4.204837766497795,740352.3685783766
3082,1,3,27,7.123459723862699,624193.4893337263
1046,4,4,2,3.467083274372806,444434.6070831498
2617,4,3,33,8.449076753031447,685167.2072514539
1931,3,2,15,7.658810439403632,531840.6138902294
848,5,4,21,8.101205600933207,527841.6502667193
765,4,1,31,2.0719588228904464,336989.8873934813
3631,3,1,37,2.264924151959886,536348.3853007654
1958,5,4,7,3.5782636397012526,645906.3338724126
1619,4,2,7,5.66269448677805,469575.75766640715
1141,4,1,5,7.732144690294621,481744.0127874867
1358,1,1,13,8.52877801684813,331064.33665558684
3777,1,3,31,7.3390178436146245,673318.756273047
2728,5,3,34,9.357371933775745,776382.9621313192
2780,4,2,9,7.6486915865433724,650012.2675768984
1396,2,4,2,3.7564109830415324,382097.60918092326
3547,1,2,11,3.3857315590471533,512763.4823685987
737,5,4,30,7.265732052709809,574922.9215931587
2831,4,1,28,2.7358351182065284,466603.54949405545
1953,4,3,4,1.834433297292429,483094.94654626696
3432,2,2,24,5.790005873705745,541150.6894377426
2475,5,2,30,8.394774128010598,700142.8915043902
3631,4,4,20,1.9124185822287718,671068.2044523493
668,1,4,19,8.127021914161563,359312.51150478
3193,2,2,38,8.304148039163934,585545.3096978761
2700,5,4,21,5.340466000733892,682130.7399722914
2073,2,2,3,1.5157927900943813,344561.2119559402
804,1,2,12,2.571308661224678,262882.85951726406
2773,5,2,19,7.366836476457391,742996.4779391333
642,2,1,12,7.406001504918545,328083.44464457914
2506,3,4,16,9.085197476508988,679529.2183611991
2758,1,3,35,6.244175318991245,519037.0481421145
1360,1,3,32,2.1169663094239963,271598.558177473
3854,1,4,0,2.092734149544749,574932.9310118908
3495,3,2,14,7.4901912162114135,680642.7410625734
2742,3,3,12,2.6540619859711105,584139.8962959136
2594,4,3,16,3.955469496549448,599547.0311636657
2535,2,4,23,5.384908062297225,520203.9279360313
1499,4,3,7,1.2228838981853607,454475.73820037075
959,2,2,26,3.2393712431793866,298948.14888227446
3547,3,4,22,4.671006476565521,692234.9335746245
2319,3,2,7,3.516726866438856,512452.9109544201
880,4,3,7,2.2273329472080925,385020.20375837595
3866,5,3,25,7.552110320165776,853465.5423519409
2487,4,2,12,8.318328896511865,651629.223826033
3866,2,1,38,3.3173107852935235,494812.7096336585
1266,4,3,36,7.96977545145673,541657.4763344715
692,1,1,27,4.469982079611825,182739.93252274062
1271,2,3,24,5.560172117686025,341859.28935639915
2569,2,1,15,8.704009674038375,501963.3554094232
660,5,1,1,7.749583136221671,492372.9611241837
3281,3,1,17,8.246051661845598,656570.1977145005
3722,2,2,16,2.2316064992772113,517494.53534397396
1628,3,1,29,1.6274748325035653,320511.2919351468
2089,4,1,38,9.040642561791884,520930.11754524754
1203,1,1,12,4.490508426139849,298527.94220479263
1281,5,3,31,3.5909171026271274,541697.7460576933
3181,3,1,28,7.522266288356421,646776.8662446399
2028,2,3,29,8.527740369218709,543673.9880827131
3485,3,1,17,8.76240659708471,695307.4704631843
3292,2,1,12,3.8439742701270463,447595.36912454764
2880,3,2,20,8.669911520815067,639427.9279988875
1123,2,3,29,1.3684054993691084,268444.49245527555
2993,4,1,20,1.4469534231374699,547081.7052467483
3717,2,3,16,6.61167275656739,584402.671218411
3193,2,3,39,1.5679573220399161,479870.8860193321
2568,1,4,18,3.9214825165914537,465300.09986610856
1701,2,2,14,7.054803876222316,479445.9774387034
2353,1,2,8,4.0354020644880375,454495.2987157696
2436,5,2,9,2.616398032960863,558400.2619198533
3744,1,4,30,3.5321555966845746,534060.6496575649
3441,4,4,22,5.118177990253886,731673.8044899006
2896,1,2,29,5.278472698199342,506356.3603290383
2694,5,4,32,8.047002082124818,747329.4044121876
1744,4,4,8,7.751379064883613,594640.9642100544
2861,3,4,0,5.111360241005217,632913.7161096248
2886,3,2,34,8.611006141888943,618599.370263949
1679,1,2,10,2.0281342473225625,306421.4128499795
2997,1,2,33,3.2981801520601133,397459.5011769385
706,5,4,15,8.451788171520263,566576.083393018
3478,5,2,8,4.401946347635378,695593.6347349007
647,2,4,31,9.83063402914458,467411.1084243878
936,5,1,14,5.196279533750519,429114.54799640324
1649,2,4,11,8.127420606673876,512833.1316811221
3451,4,3,32,4.620763372441347,655987.7291287186
1880,1,2,13,4.824581671561873,322057.1039078757
2655,4,2,7,4.4459483255576515,571300.187621978
1224,5,3,7,7.471680584597306,635081.4024323351
2490,4,4,26,5.92766095653995,605975.6625346458
1876,4,1,11,9.494003002315322,557325.0976427599
2315,4,3,0,3.258012848806943,540827.6576954003
3366,5,3,39,1.9050645887509992,644968.0175630123
902,4,4,10,4.5393533658929375,540269.5910237699
1238,2,2,38,6.550414368820984,350695.70787039475
655,5,4,30,8.747190432239456,565789.7272330142
1325,4,3,16,4.115771980122949,453600.1868723443
1125,5,3,32,6.884080760120154,537487.1756617533
1073,3,2,31,4.151788129208971,387992.91731660435
627,2,2,28,6.554976246950123,314500.69263975235
2725,4,2,20,8.963271523275857,738825.1350727133
3887,3,4,20,3.0822187803346814,718295.8724947277
964,3,2,39,4.638174778963353,335635.38667210226
3313,5,3,22,9.939386767867719,825533.2451106854
1125,3,3,5,8.817013254245147,567422.0610167303
3346,2,1,21,6.0817587210658175,550390.6080376258
1935,2,4,37,5.649648326688478,508365.6684432848
1482,1,1,36,3.561403440742129,301766.2924606172
1630,2,3,7,5.654884849241765,445347.72567374137
1626,3,1,34,8.633633484519525,470718.05914121476
2246,2,3,10,7.166570619500025,566649.8602823731
1518,5,1,23,3.610396253601879,488692.8609423876
3397,1,2,20,2.8131752894817965,490184.88006631157
3010,3,1,1,3.386876832971462,499618.9631128851
2374,1,2,39,2.5278328125354386,307998.676788613
2131,3,2,18,1.8607662642134435,413066.55104931793
3945,5,4,38,4.772225569978495,829397.5191598986
3453,1,2,27,2.0196964395844095,409397.6713789196
3386,4,2,16,2.547213019543939,662675.5404554518
2506,3,1,5,5.925922159055375,558674.0702644589
3686,4,3,18,2.4813934632961727,706530.3486709794
1815,1,4,37,1.5749179068781256,295020.98339591024
2254,4,2,27,3.8564996502509667,518497.14874281554
1084,4,4,1,2.9828718875977076,492783.5403177428
2675,1,1,37,5.637746691949391,405637.0304093057
1313,5,2,36,1.921303761248884,431274.3178437076
1662,4,1,3,7.765937089146803,534518.6071015563
2576,4,4,21,9.156101674916247,726761.7714811973
1896,5,1,25,7.690916565605749,612128.9628695927
1854,4,4,35,5.795443336612548,529123.4572505633
2733,4,1,12,8.746010396099965,699718.0761362036
725,4,4,31,7.254265418033567,518708.25376929005
3459,2,3,16,1.0949601020517088,496092.95693785546
1136,5,1,35,4.5468113749705275,440677.5840460413
2792,4,1,18,8.658567094661201,675353.4182751267
3883,5,3,34,4.1127297217774235,712673.0189869857
2672,3,3,39,1.3169365617297115,469538.7598073876
2203,3,1,27,7.715616746970451,506183.9748230431
666,4,3,0,8.218344432545816,499914.7006431556
832,5,2,17,2.445343255389777,417272.87038866663
2756,5,4,39,5.836064471588631,678840.8739923505
1769,5,4,32,2.7275989509615317,590206.1742792117
2758,2,4,11,7.473109771397321,602985.9882530135
2875,3,2,7,3.4439540965973707,572365.5991847558
710,5,3,23,3.8459361030699704,401961.05245965143
2093,5,3,15,8.604737682760913,688745.8240498765
2681,2,1,3,5.286901169862139,492925.2665037039
1222,2,3,37,7.0277900609642305,388335.79183718376
3395,5,1,26,4.621357456502209,652449.3118778152
3242,1,2,8,3.682061714743799,467614.53735293105
3072,5,4,15,6.629302543821952,802151.0749339347
3260,5,4,11,2.3937181667093914,749111.3184343078
2141,2,4,30,4.356998520101767,468359.0833467594
3339,2,3,23,2.8813333364733005,505680.9156404722
1905,5,1,13,7.2621547024667095,645242.5197108861
3991,5,1,24,9.497879545114968,796567.6859561701
2361,5,2,33,9.959598712142798,646036.7148058392
2575,2,3,2,5.052491293974317,478657.223622142
2962,5,2,23,3.2727735067280004,632646.0933004613
1476,5,1,8,4.985464333458918,505052.9766694126
2589,4,1,25,8.625424689664515,648287.8328839235
1912,1,4,19,2.8540511069683587,403276.7969516779
2060,3,3,39,9.568860864876314,582372.0982256763
3309,1,1,9,4.076791919183359,462424.0872900235
2924,4,4,18,9.872232935052745,808747.1712423788
2333,3,3,2,8.54747998780566,691369.5363701783
2205,5,2,23,8.277134807326513,686234.1116545394
2126,4,3,4,3.8611420639595524,554538.77718343
3271,5,3,2,1.0789949075313652,700852.2576542038
3163,2,1,26,4.439196179433891,476019.8309386733
3490,4,1,15,3.716284326964243,588845.0584349373
2997,2,3,14,1.3365729136791757,460878.8136134325
2230,4,1,34,5.548287308553367,496579.191398894
3470,4,1,11,4.62728180154463,647386.4115169729
1760,2,1,25,6.7110082096737225,460085.3491471723
1358,3,4,33,6.590676899746748,458227.5383920321
3546,1,4,22,2.086719723070121,564068.7780355713
842,5,3,30,9.792689915139603,563406.0150571045
3190,4,1,19,2.682382864973022,505586.40523338696
1663,5,4,11,5.007466222882341,600570.6744129241
828,2,3,22,5.393057890903615,380867.48654019815
3195,5,1,3,8.317565174927081,763609.0381992748
1519,2,2,22,1.893066364851821,325052.26826934336
1846,5,1,0,4.857798512876785,596941.2877926952
605,1,1,24,6.656519532125835,205009.84116634406
3993,1,4,1,2.9364005946165,584874.4576560974
1067,1,3,29,6.647211088894655,265533.18716471357
2355,1,3,2,9.312983537946874,579114.7193374154
674,1,4,20,9.977663180554075,422122.78138912667
603,1,1,24,1.2920596911160813,150334.7879765265
2470,2,2,19,3.1202940542020974,399167.21676562954
1245,4,1,21,3.792764042125277,347578.35149369424
717,5,1,20,4.592134904004695,372140.36304294807
3528,1,2,32,3.1803144182629066,441804.3834490762
2229,2,4,37,2.831391950997813,485007.9333265871
3151,2,3,14,9.5909845817575,697952.4487100703
2621,2,4,14,9.266694424934661,626056.9589031709
1546,4,4,24,1.4229325090280573,472125.3134340239
3221,5,1,20,4.049317194443633,624587.3537558577
2064,4,3,23,4.64633698310566,560533.8579270175
793,3,3,4,3.1511308119934904,340173.70208971907
1446,2,4,5,6.65985607289358,509146.73702136433
3362,3,2,22,6.7634267197981695,614472.6268125064
2015,1,4,3,8.654538054957374,559170.8920739165
3697,1,2,26,7.667823415466961,571881.5271667343
2058,4,3,17,5.8831599426936005,559054.823811095
2820,5,4,20,6.882280930399779,800901.8019786354
3971,3,1,27,3.4658990338871627,601180.9780113857
2268,5,4,34,6.337505709706219,657147.3422977543
2973,4,3,21,5.403045292749273,679085.4948038976
2033,1,1,39,2.200100205847334,223459.41777702427
1741,5,1,22,3.1828984892467367,513559.6918976158
3483,5,2,2,3.625241056494274,714810.5791200865
2410,1,1,39,9.318786103473021,460802.8071799716
1323,3,1,9,3.073479754473005,310486.6149792347
824,1,4,24,3.6031951253770136,274906.66143979
1131,5,3,7,4.3241871708048905,526360.071275864
712,3,2,10,6.973684647628483,434781.53201341024
2787,3,4,4,2.0641455322492646,597345.0040967016
1158,1,1,36,9.585506912443984,318806.44924303365
2648,5,1,37,8.79014098085288,667942.6404031212
2737,4,2,28,6.194944657080551,646372.2120913182
1253,5,3,4,7.066340806824611,591457.4634643109
919,2,2,8,1.149944241197944,251308.15339495815
2173,4,4,1,4.050502978136038,554621.9098074011
2428,3,2,0,8.160942075952978,601504.5907280832
2517,4,1,39,1.697346764131473,398590.9012229373
738,3,4,29,3.540824507896482,365819.54056977906
3492,3,1,10,6.267671455008801,660363.8153943378
2626,4,3,27,3.3077172492904765,508022.20192106185
2906,3,1,11,9.405801767300673,671891.0288311812
1501,3,1,38,2.1795276772386134,302986.79912862467
1289,2,2,25,8.176549221170006,410855.27149779716
2639,5,1,12,5.571538227157674,615582.3263909344
609,5,4,7,7.752976982379604,522521.8536138871
860,2,4,27,3.796437954803027,315763.55280111264
2542,4,3,29,5.630406420808349,669799.965388342
2273,1,4,8,8.711518147508587,520899.0188612242
2819,1,2,38,5.20190289210794,384150.5985308284
3545,1,3,30,4.237478757192426,529520.5645367769
2660,2,4,20,5.825398476274625,563205.7058892518
1791,2,2,33,7.456264777327302,424494.7318932411
2219,3,4,30,4.992070109486525,541561.4644024046
920,1,4,24,9.449892776280457,431996.6215432662
1942,4,1,11,3.6545124163810785,458262.68762442295
2236,4,4,0,5.279172455522084,649359.3745871626
2976,1,4,21,7.812348934072973,615534.8691818754
3432,1,2,39,7.202089814461824,500201.2495206392
3424,1,2,36,8.772769471754405,495528.2998492646
2594,2,1,0,9.97128262612998,602387.8984652896
3558,2,4,0,4.8417249591558065,738722.7490872011
2543,2,1,20,2.0003579180498066,387653.5239829361
2638,5,4,14,1.2737429272717118,637659.5095166363
1718,4,3,16,7.541892155257945,575417.5873547902
2204,4,3,21,8.86612304177844,698288.8553022747
2965,3,1,37,2.986413273499768,470895.0346783125
835,2,1,34,2.426032334709154,203311.43300982733
2569,5,1,15,1.559845823731219,566424.0642646659
933,5,2,7,8.404326295454858,543998.1388052453
2508,4,2,16,3.802437459033259,517963.4824348081
975,2,2,16,4.6152720348379885,349808.00697916653
1760,3,1,25,5.524751724486511,406796.3686359999
3235,2,4,12,8.555079107885957,659154.2429568502
2170,1,3,16,6.857498994053365,527662.0032273891
3160,2,1,37,6.535581668720302,507859.91745359503
1919,1,2,16,2.5810488996031964,339493.2905589254
3991,1,2,13,5.618709025388468,592764.0457791097
3565,3,1,5,7.438429154607897,642160.663206041
2455,4,1,34,9.759347947274426,634159.585258729
1972,2,2,13,2.81265678292017,398401.9618437824
1472,1,4,7,1.0858901776050398,304912.70891773864
1852,2,2,14,1.6777129023862276,366064.98732952605
2917,4,2,26,4.382672186637813,577545.0430952531
2451,4,1,12,8.384901829713884,585462.912252749
3445,5,4,30,1.0642787359142054,645900.7843870474
1914,4,2,34,5.1105753359725625,505871.4438827126
1324,3,2,5,3.963075538072551,399330.2768967788
3836,1,3,4,1.4723353908975483,582393.947959725
2652,5,1,21,5.052126580053556,606745.0575181502
3498,3,3,22,3.2927383660304694,590249.8223901647
677,2,3,24,4.166963509123058,308061.2010490773
3221,1,2,33,7.350537743058637,482634.6124653517
731,4,1,25,5.693958855198704,375106.0384820815
1200,1,4,4,2.12182686093532,332975.9157697142
2372,2,2,25,9.652730863812751,552624.3682626446
1665,5,4,19,6.723196891387645,677336.0064119608
2736,5,4,5,7.892815830962784,864960.6059797731
3049,5,1,5,1.7129183500753373,624087.2716063745
2943,4,3,17,1.42352541514017,615189.5284533266
2463,3,1,3,1.1750324533127305,515373.90907026565
1918,3,4,16,2.699146249961,456744.2093499534
1215,1,2,13,4.7296755794664564,307438.7637999472
3447,4,4,13,9.422435200625406,810588.9759746632
3069,5,2,12,5.113536933391987,718686.8596945788
2488,5,2,6,3.612295948352765,623900.6245834948
1646,2,1,14,6.05741728167697,366031.5107634728
1174,2,4,18,2.007411203213103,347906.805680772
2790,5,3,34,6.485553019044849,722060.9150423071
1592,5,4,16,6.115887588974529,584378.7506892403
3312,4,4,34,8.127937300651388,730460.0850522389
2792,3,3,18,9.880188504553217,654322.6306369714
1848,2,1,19,3.2578612454449947,356574.25946876296
3654,3,4,35,5.586908057233845,722610.1661896541
1102,4,4,34,9.179788656871033,499716.02378893935
2597,5,2,31,8.066708959805572,680796.538218423
1420,3,4,39,5.386656727907268,429914.3570936037
2751,5,3,23,9.508344846533001,793969.8104514517
3710,5,2,16,1.5151302416512844,670808.416734394
2570,1,1,6,9.378987577413255,512998.67339526635
797,3,2,0,1.454566531445259,316735.06000580813
2269,3,3,34,5.925742697032159,562401.557584139
3226,5,3,31,9.013968532009772,849677.5453791155
3038,4,2,35,3.3644884920517253,536864.6199693679
1802,1,1,12,5.250236490506427,314069.5497807062
3201,5,2,5,3.9189599122326997,702526.6063184348
2071,2,1,13,9.569295253687162,479254.8522551374
3686,2,2,36,8.412810352777818,661539.2928309373
2246,1,3,14,7.381013601937416,518362.11816665967
2292,4,4,3,6.288642879535979,648277.5249635457
1912,5,4,39,8.385326103917333,642663.6419880467
2635,3,1,15,4.530403373711923,496698.97082573856
1077,1,1,27,5.027966695954557,248155.4071308337
1854,4,1,15,7.570015489727753,549055.3852629499
1522,3,3,3,4.219792869643428,400661.1615719234
1019,2,2,25,1.5751084784353644,224300.75265865048
2804,2,3,27,1.6690114799746432,444064.0059831033
3197,3,4,31,2.0382652117513347,551968.2140289041
1720,1,1,1,8.827131910092966,336750.27929914946
3668,2,2,30,5.250037831805839,520870.6897099989
3644,5,4,2,7.415941324102628,831339.8902439113
1550,3,4,7,4.53618402044404,497844.1390898029
2936,3,4,23,3.3283985267407106,575154.7428583354
1877,2,3,14,4.124729508059907,415499.29464929935
2843,1,1,30,8.147641107854653,498956.37002644764
3245,5,4,8,6.626945125282944,830714.0772099221
2457,1,1,38,9.438758019621119,455757.27833488915
1116,4,3,1,7.117343007191506,543227.3376140833
2258,4,4,7,6.131634685792245,626520.8432957903
2465,2,3,6,6.49176408087251,528989.832537476
3512,2,3,38,9.481342955215732,613713.1158617152
1741,2,1,15,8.093808368800355,431549.4388575275
3453,4,4,34,1.2163711362979404,653464.6512183327
2532,1,3,29,5.807257265221275,500069.8739992141
3830,1,4,9,7.195045703919083,666368.8160353897
1414,2,1,37,7.738286305952395,381838.8132567692
2875,5,3,17,2.9182790738254303,567413.0532430864
2500,1,1,4,8.80459619006217,480779.8559739982
2863,4,4,28,9.602588324576473,735418.4003873788
3595,3,4,38,3.130437752603828,670749.5786852475
2662,3,1,33,8.943539117655213,580624.7586251033
3828,3,2,22,1.8728088626448585,602400.1970080596
3932,5,3,4,1.5013615250372068,760550.349421702
3828,2,4,29,2.1630142009247444,594239.9230572056
2694,4,4,5,1.519669715203324,651449.3766807411
2971,5,3,3,8.605110134401983,728028.1153220339
3491,4,1,28,1.5314513001244476,563284.199948117
729,4,1,22,3.4449777222728994,370849.49796306563
694,2,1,5,1.9338070918227075,172078.7352641095
3274,3,2,31,3.6587983268238844,580931.3059748997
3402,2,2,17,1.8150352084082844,479559.8107828361
2555,5,4,14,7.012029256687127,741571.7119829749
3963,5,1,39,2.1999413470831763,628362.894798419
1393,5,3,31,8.666613332549991,631382.9625579094
2434,2,4,8,8.354719456539769,603686.2738396797
3954,4,3,36,1.1229551692354849,669230.6255461194
2716,4,4,9,9.061537199636032,765520.0084115572
2283,1,2,19,1.2604988506903037,305420.9264178358
610,5,4,5,3.1568120646180096,500148.90775969456
3925,4,2,2,1.2915022399839555,645493.9504612879
2465,1,4,10,4.022591383353844,477639.9913219977
3519,4,1,16,5.624798731419444,652296.1742238491
3197,5,3,31,8.169803821136242,795506.022160672
3805,3,1,3,4.041833954228525,643420.8870830178
1311,5,4,3,7.349410222058051,639350.1379509193
2670,2,4,16,2.6875401140708233,489425.18391281425
1414,4,4,18,7.755386110697137,547860.9996964518
945,4,2,4,3.123969453183138,412658.5271570031
2949,2,3,31,2.2919028034939113,457809.28146856645
962,2,3,21,2.668679653366489,249300.14917087049
3043,3,4,5,2.6385681599366984,571972.6685571925
2865,4,4,34,5.61576591439292,709344.0233793848
2788,4,2,21,8.603178230693315,652511.5049104887
3605,3,1,0,1.7164456929325507,598174.2745175114
3881,1,1,19,7.362606866440804,566334.9291554476
1584,3,3,21,6.889118136875719,537862.6671311295
3640,5,2,10,8.85267956646426,861860.4501320508
2239,4,4,12,3.1973280445621652,559411.7282506076
1427,2,3,2,5.050988728165267,367470.64080178825
3330,5,2,8,9.332446369991656,752125.4544261538
3651,4,1,11,6.939941051217855,683903.0876240728
955,3,2,22,4.498915715754372,416751.495723572
3655,5,1,13,2.182711445697416,648091.3596355146
1947,4,2,32,3.3623650711053195,473379.31877824024
3804,1,3,17,6.23093929740445,648995.9614978016
3535,1,1,8,7.463511528044624,565137.4268978195
2463,2,3,22,2.1197969816670414,441742.05100325786
726,4,3,9,6.396375340396486,493870.8496565632
3777,1,1,18,5.953161509548759,548877.693976611
3656,3,1,4,5.625599020216372,639879.4305361791
1203,4,4,22,7.211108059138072,526835.4670816395
2528,3,4,29,8.537046355751157,646000.5443816831
1613,3,4,24,3.9069071485918156,502189.7512918238
650,1,3,27,9.001109710998636,396338.0350939583
3700,4,3,33,2.4457025135669563,658822.5065597736
3967,5,4,24,2.557214827760479,794463.8611440626
3968,1,3,9,3.4009485726153152,589373.0935158784
3426,1,3,13,2.0757778259237005,493328.9669441291
2030,4,1,29,3.072873022145898,461249.90761048096
2392,4,1,24,1.9577058661256013,501983.0903634947
3461,3,3,13,8.395771752868512,699169.3322795449
2236,4,4,34,2.2507209269796213,488416.1366984476
2245,3,2,33,7.725678018038711,517844.1649143475
3067,1,4,9,1.4312248112200037,490415.80361687037
1805,2,2,34,9.536682947625236,501763.7219297005
3630,5,4,10,7.400440787749895,827140.8161607286
3472,1,1,10,1.061168937275006,349983.0088093576
3672,4,3,20,7.874708501801926,760121.6986212863
2454,5,3,20,5.6267372868956675,655909.4663680353
1166,2,1,21,8.014286533016078,337567.910782366
3018,2,2,6,5.702471280015296,536532.1015062855
1535,3,2,16,6.769223718718192,497019.90669278416
2534,5,2,1,8.076984898555363,719373.0724759697
3308,3,1,11,4.64597249129071,589219.9078416186
3616,1,2,17,1.024373348384069,446769.6507927659
1932,5,1,10,8.649518463506695,603679.701104606
3808,1,4,15,4.428013263621963,596340.2692041814
801,3,4,17,5.464384534149247,446827.816992196
2960,5,1,34,1.0698997793857186,494170.51488057163
716,3,3,25,5.428828093150882,430370.4135611182
1536,5,4,15,9.878386614145565,712027.8874819077
1174,3,2,5,3.5044089473689266,370941.9229447557
2891,2,1,11,4.558764432181403,510864.1762360588
1136,3,2,12,7.1847099682180895,483090.9466195261
2225,2,2,3,8.333143007712927,529124.164454575
2722,3,3,38,4.756524616054903,536947.1398353358
985,5,2,1,3.787019833611633,525052.8810995976
3881,5,3,25,9.440432199865604,933160.182047435
1074,5,4,26,7.094304700045023,578452.279582654
1017,4,1,26,2.0711917404382696,296804.7124261152
2994,1,2,14,1.6203509032118375,399115.06968186575
3287,5,1,7,5.351948657113321,727914.3633668759
1538,2,2,6,2.980810594425452,329619.09396204725
1554,5,1,39,3.285862780386281,432437.62557232927
1475,4,2,11,8.899229609450634,574030.849884939
1362,2,2,12,1.806094218846796,283195.00970101455
1802,4,2,16,7.438277037060007,593300.0811078995
1805,2,2,16,3.4402802804252923,401558.5455131959
1263,3,2,35,7.84295399263724,497750.4620961378
624,1,2,20,7.501702460171901,314299.3512126342
2590,1,2,7,1.0665271129986373,344451.9631219486
1803,4,2,4,5.582218716294392,557294.4199762947
1309,1,2,25,2.2538753414024173,274806.7963759969
2479,4,1,15,8.796043275208092,656234.1351456383
1784,4,3,35,8.84427294576166,564967.2323600784
2824,4,2,27,4.765112267443822,563168.2773822178
884,1,3,28,4.999560566059725,249965.85418699673
662,4,2,11,3.7295464546407437,430758.23593357136
1602,1,2,36,7.449456690640279,379822.93949570734
1261,4,1,29,4.227952267238132,369332.5509507078
3313,5,4,22,3.410132270703704,731937.4595978821
2803,4,4,15,4.890079535540574,664800.2578457948
2092,2,1,13,1.8233876654871284,321698.2034382153
3720,4,3,9,7.719428841797835,794563.6584502994
1566,3,4,6,1.1133676114460827,441626.7205704756
1448,4,1,36,6.800365553685346,511081.9167229665
1707,2,1,28,2.645780740793852,287626.81284548715
1288,2,4,2,3.091636415929718,353092.51136821555
747,1,3,14,6.72068798776036,294755.47129179846
941,5,1,35,9.936491192046164,491169.96540172055
3123,4,2,18,7.999457401652956,684581.1193575289
1686,1,3,12,3.032556690010528,315590.969162003
2324,5,3,20,2.584222795370204,612869.1228290363
1983,4,4,36,8.796095832409033,601724.5638695263
3208,3,4,26,4.997655531293539,644238.4128609844
926,4,2,28,2.2334752254533994,412932.77958778886
2392,2,1,19,8.759902809897444,526454.0923624657
2359,2,4,24,8.344831176228354,594351.8015679879
3812,3,4,5,9.855157275074472,886879.4635891662
1589,1,3,35,9.187693180414156,463503.67743775237
2862,5,4,1,8.666113047944876,837736.0269666088
3082,4,4,21,1.4731695802990283,609045.0898918338
1551,2,4,31,1.9397383254830622,362790.5552852
1322,1,4,15,6.120848748737105,396633.6123525092
3989,3,3,17,5.783313216536388,706932.5753192438
2679,2,2,4,5.12166893040582,523917.4417250967
3317,3,2,35,4.571103928731258,582753.5367580048
2932,4,1,29,4.88089436377896,532561.9901379375
3976,5,4,18,6.123681407213157,901976.8664935309
1028,2,3,22,1.0186886584007309,289867.18003008474
2100,2,1,33,3.34637896719567,344231.74718454917
885,4,1,12,5.6645174861984,418186.85583763814
3815,1,2,28,7.499944888062816,617759.207499478
3690,5,3,35,2.5674102315585667,654513.0661678229
2665,2,3,21,5.921930564086897,533545.1728698288
1368,5,3,35,7.430137154972035,533866.4576461627
3237,2,2,8,5.001648921225142,643254.4953086108
1994,5,2,38,1.2437302030304593,476375.9890451504
3846,3,2,18,5.043413426190731,623406.7217934235
3657,2,2,37,3.668003989697378,642293.0168095394
793,5,2,5,9.366846469311955,551050.3300049367
3149,1,4,14,2.1215204711049465,492092.0266158303
1587,3,4,19,6.8722835995650895,529527.1110686732
1736,3,3,8,1.4744778970105104,401259.42911444005
2761,1,1,31,5.015533940314269,410346.7727342006
3893,5,3,3,5.985815384980725,768346.0301039603
2301,4,1,17,3.681594381851789,534988.0286779993
1546,1,2,4,5.09568071968346,322768.5717272158
1430,5,1,19,2.471984150771686,427862.5845269771
2520,1,3,22,3.7371146452123254,449913.0711538165
3935,1,3,10,6.589956924191827,634210.9884637828
3572,2,1,36,3.7162005027503957,493581.53465606924
654,5,4,21,9.097687705679846,553837.0153465833
1399,4,2,3,6.655662618768908,587843.666386214
1377,2,2,28,4.94784116592386,367117.9153916918
2081,1,3,33,1.3488124199876421,287828.4207092683
2501,1,4,12,5.495935016842041,511037.42581599776
2809,1,1,8,7.882986179125803,464849.7921562741
2734,5,2,30,3.3900183821117227,650956.631421674
654,5,4,6,8.260962126838905,595953.965872914
2423,2,2,3,3.2662608944579334,427729.38975768525
1801,4,4,18,8.413717491557204,657746.1050975649
3679,2,4,29,1.7674150745050965,562099.3118030281
1432,3,3,30,8.795653379821266,471843.69573703135
912,1,2,34,5.492678058399974,269177.8763800671
3406,1,1,20,3.6688383065823578,465945.90625926945
2458,1,3,30,3.3860192537363387,436434.4227024732
2607,2,3,18,4.888095030373264,516802.11256009224
2606,2,1,30,9.991445482932805,542048.3531997917
3090,1,3,31,2.982946540938243,459146.18820101884
2390,2,4,1,1.9289498399109966,537891.5340196112
927,5,4,9,6.265316518467957,562859.1045569065
3725,5,2,1,5.396882197962314,793598.2078826324
3408,2,2,1,5.7177664395697665,623536.5180807769
3910,1,1,23,7.0024187580149535,577150.5934485045
3900,2,2,16,3.404296628835844,573783.0139790735
3226,2,4,31,9.195984958454996,675477.0482033115
3722,2,1,15,4.921048595100613,565895.7429800993
3654,3,1,15,2.161775756282156,615668.3485855258
1887,5,2,38,7.680688810605499,576807.3427402681
2743,4,4,30,6.787939173560653,650742.4954578272
1711,4,1,23,3.841690622356334,438919.4667575882
3749,3,4,0,6.593668516306437,764988.626767616
1911,2,4,10,2.9787576073207918,456746.2253477052
3791,3,4,20,5.003554234064766,695857.642113586
3461,3,2,3,9.094712699505926,728050.2106908539
3138,1,3,6,2.2018080984467447,484786.21443423606
1051,5,3,25,4.480268049887158,521726.35034083435
2123,4,1,11,8.390281822483125,591025.3018525107
764,2,4,30,9.725418094655604,447049.9317254664
781,4,2,16,5.085335227796163,429321.41017672134
3116,4,4,32,5.562996581290127,713007.0779377075
1509,5,4,10,6.149547656053928,595563.3813775306
3382,4,2,27,9.391133274703398,699397.6462964155
1422,4,3,31,8.723861118793268,607444.3959365212
1543,3,4,0,2.535410121594799,492227.1580872622
